,Sensor 01,Sensor 02,Sensor 03,Sensor 04,Sensor 05
Sensor 01,1.0,0.008401103442592591,0.14846138980892473,-0.16237624674761617,0.2772371143681728
Sensor 02,0.008401103442592591,1.0,-0.017435326033456384,0.005353185329190573,0.016585805337959152
Sensor 03,0.14846138980892473,-0.017435326033456384,1.0,0.05529288759534029,0.09873517719759504
Sensor 04,-0.16237624674761617,0.005353185329190573,0.05529288759534029,1.0,0.052598230982491764
Sensor 05,0.2772371143681728,0.016585805337959152,0.09873517719759504,0.052598230982491764,1.0
