,Sensor 01,Sensor 02,Sensor 03,Sensor 04,Sensor 05
Sensor 01,1.0,0.04825548298021812,0.09072322293003988,0.09755241934341917,0.03533000319788054
Sensor 02,0.04825548298021812,1.0,0.030280428611332923,0.03164746468399788,0.08887279194079399
Sensor 03,0.09072322293003988,0.030280428611332923,1.0,0.9995880820121568,0.03883234073145187
Sensor 04,0.09755241934341917,0.03164746468399788,0.9995880820121568,1.0,0.03832104624344919
Sensor 05,0.03533000319788054,0.08887279194079399,0.03883234073145187,0.03832104624344919,1.0
