,Sensor 01,Sensor 02,Sensor 03,Sensor 04,Sensor 05
Sensor 01,1.0,-0.014126932975098719,-0.04721038913984574,0.08709104383013708,-0.04372346044055931
Sensor 02,-0.014126932975098719,1.0,-0.10628606904603398,0.011288679720904582,-0.1634240027119078
Sensor 03,-0.04721038913984574,-0.10628606904603398,1.0,-0.10859176324636688,-0.2360494575700656
Sensor 04,0.08709104383013708,0.011288679720904582,-0.10859176324636688,1.0,-0.03394900875891182
Sensor 05,-0.04372346044055931,-0.1634240027119078,-0.2360494575700656,-0.03394900875891182,1.0
