,Sensor 01,Sensor 02,Sensor 03,Sensor 04,Sensor 05
Sensor 01,1.0,0.020324306745254716,-0.16057360474824112,-0.12898028366358016,-0.080317679046588
Sensor 02,0.020324306745254716,1.0,-0.00789918163650575,0.0028343202567660294,-0.030164381073727008
Sensor 03,-0.16057360474824112,-0.00789918163650575,1.0,-0.11880834118894447,0.08063837854172441
Sensor 04,-0.12898028366358016,0.0028343202567660294,-0.11880834118894447,1.0,-0.09960249225194033
Sensor 05,-0.080317679046588,-0.030164381073727008,0.08063837854172441,-0.09960249225194033,1.0
