,Sensor 01,Sensor 02,Sensor 03,Sensor 04,Sensor 05
Sensor 01,1.0,-0.07796999115105667,0.011788096534524352,0.12530352984990833,0.05303099528994977
Sensor 02,-0.07796999115105667,1.0,-0.15548927364902873,-0.11192397758926438,0.07944036593138136
Sensor 03,0.011788096534524352,-0.15548927364902873,1.0,0.04272649150153746,-0.07296011591925707
Sensor 04,0.12530352984990833,-0.11192397758926438,0.04272649150153746,1.0,0.06521058385157004
Sensor 05,0.05303099528994977,0.07944036593138136,-0.07296011591925707,0.06521058385157004,1.0
